body,title
"
La modelo Demi Rose deslumbró en Instagram al compartir las imágenes de su última sesión fotográfica, tomada en Ibiza, España. 

Presumió su figura curvilínea al usar un espectacular minivestido de lentejuelas en color fucsia. La prenda tenía amplio escote rectangular y una pequeña abertura en la pierna izquierda. 

Demi Rose Mawby combinó su vestido de Club London con sandalias de tacón en color blanco. Usó una fina cadena de oro y anillos que contrastaron con su manicura violeta. 




 


 

 



 




Ver esta publicación en Instagram


 



 

 

 



 

 



 

 

 



Sweetest mystery  @clubllondon #clubllondon

Una publicación compartida por  Demi  (@demirose) el 20 de Jul de 2020 a las 9:35 PDT




Destiló glamour con un maquillaje compuesto por base, iluminador, sombra rosa en los párpados, labial nude y amplias pestañas negras. Dejó suelta su cabellera castaña y posó sentada sobre una jardinera. Sumó más de 320 mil reacciones. 

Recomendamos: La novia de Luis Miguel presume piernas tonificadas con minishort

La modelo británica salió de vacaciones a Ibiza, después de pasar más de cuatro meses en confinamiento en el Reino Unido. A través de redes sociales, mostró imágenes de su estancia en la playa. 

Sorprendió al lucir un bikini tejido a bordo de un yate, con el atardecer como fondo. “Todo cae en su lugar”, fue el mensaje con el que describió el post. 




 


 

 



 




Ver esta publicación en Instagram


 



 

 

 



 

 



 

 

 




 

 


Una publicación compartida por Demi  (@demirose) el 19 de Jul de 2020 a las 12:15 PDT




Rose Mawby saltó a la fama en MySpace y después en Instagram. Acaparó los reflectores cuando salió con el rapero Tyga, expareja de la empresaria Kylie Jenner. 

Ahora se consolida como una de las modelos con más éxito en redes sociales y poco a poco extiende su carrera a Estados Unidos. El año pasado, se presentó en Miami durante la Semana de la Moda y modeló trajes de baño de la marca Oh Polly. 

A inicios del 2020, visitó Los Ángeles para grabar videos con Fashion Nova, marca de la que es embajadora. También realizó sesiones de fotos en Las Vegas.

Por ahora, hay restricciones de viaje de Europa a Estados Unidos. Pero Demi Rose ha confesado que su mayor sueño es iniciar una carrera como actriz en Hollywood. Hasta el momento no ha participado en películas. Tiene apariciones en videos musicales, un proyecto como youtuber y aparecerá en el videojuego Slide Stars. 

Mira las fotos de Demi Rose en la galería. 




 


 

 



 




Ver esta publicación en Instagram


 



 

 

 



 

 



 

 

 




 

 


Una publicación compartida por Demi @demirose) el 17 de Jul de 2020 a las 10:49 PDT




Lee: ¿Qué fue de la protagonista de ‘Sabrina, la bruja adolescente’?
",
"
Corea del Norte reportó su primer caso sospechoso de coronavirus, según la agencia oficial KCNA.
De acuerdo con el medio, la persona regresó a Norcorea el 19 de julio y fue puesta bajo cuarentena.
El país está en ""urgencia máxima"" frente al Covid-19, reportó el medio, además de difundir que ""un evento de emergencia  ocurrió en la ciudad de Kaesong"".
Desde el comienzo de la pandemia, en diciembre del año pasado, el país liderado por Kim Jong Un no había reportado casos de Covid-19.
La agencia describe a la persona sospechosa de estar infectada como ""un fugitivo que fue al sur hace tres años"" y fue encontrado en la ciudad de Kaesong, en la frontera con Corea del Sur.
""Fue inicialmente sometida a una estricta cuarentena, y todas las personas (...) que han estado en contacto con ella y aquellas que han ido a esta ciudad durante los últimos cinco días están siendo investigadas a fondo"", dijo KCNA.
Pyongyang aseguraba antes que no tenía ningún caso de coronavirus y que las fronteras del país permanecerían cerradas.
Para hacer frente a la ""situación peligrosa (...) que podría conducir a una catástrofe mortal y destructiva"", el dirigente norcoreano Kim Jong Un convocó el sábado una reunión de emergencia del buró político para adoptar un ""sistema de emergencia máxima y emitir una alerta de alto nivel"" para contener la epidemia, afirmó la agencia oficial.
A pesar de las estrictas medidas de cuarentena, ""parece que el vicioso virus ha entrado en el país"", dijo Kim Jong Un, según KCNA.
El dirigente norcoreano afirmó que el gobierno ha tomado ""la medida preventiva de confinar completamente la ciudad de Kaesong"" el 24 de julio, agregó la fuente.

Covid-19 en el mundo
La pandemia de coronavirus sigue azotando al mundo y además de casi 16 millones de contagios y más de 640 mil muertos, deja una estela de penurias y desconfianza.
Aunque algunos celebran: el presidente brasileño Jair Bolsonaro anunció que dio negativo a la covid-19 tras haber sido diagnosticado el 7 de julio, una recuperación que adjudicó a su tratamiento con hidroxicloroquina.
""RT-PCR para Sars-Cov 2: negativo. Buenos días a todos"", escribió Bolsonaro Facebook junto a una foto suya sonriendo y sosteniendo una caja de hidroxicloroquina durante su desayuno.
Pese a que la covid-19 continúa azotando Brasil, el país latinoamericano más afectado con más de 2.3 millones de contagios y más de 85 mil decesos, el azote es muy desigual en este territorio de 212 millones de habitantes.
En efecto, en algunas regiones apenas comienza y en otras se estabilizó tras dejar miles de muertos, aunque se teme un repunte debido a las erráticas políticas de Bolsonaro para combatir la pandemia, a la que calificó de ""gripecita"" y que parece no pasarle factura política, pues su popularidad aumenta según encuestas difundidas esta semana.

Situación en Corea del Sur 
Corea del Sur informó de un aumento de infecciones de nuevo coronavirus el sábado, registrando su cifra más alta en casi cuatro meses con decenas de casos importados.
El país documentó 113 nuevos casos, incluidos 86 entre personas que llegaron del extranjero, elevando el total a 14 mil 92, de acuerdo con el Centro coreano de Control y Prevención de Enfermedades.
No se habían registrado más de 100 casos desde el 1 de abril. El último mayor balance se remonta al 31 de marzo, cuando Corea del Sur reportó 125 nuevos casos.
Todos los viajeros procedentes del extranjero deben cumplir una cuarentena de dos semanas.
Lee más: Corea del Sur registra su primer caso de contagios de Covid-19 en un colegio
Corea del Sur padeció uno de los primeros peores brotes registrados fuera de China, donde surgió el virus en diciembre del año pasado.
Sin embargo, logró controlarlo rápidamente con un programa extensivo de ""rastreo, tests y tratamiento"", sin llegar a imponer un estricto confinamiento como los implementados en gran parte de Europa y otras lugares del mundo.
El país fue considerado un ejemplo en la lucha contra la pandemia, con la población cumpliendo en gran medida las recomendaciones sanitarias de seguridad, así como el uso de mascarillas.

Con información de AFP
lsm
 
",Reportan primer caso sospechoso de coronavirus en Corea del Norte
"





El gobierno de la Ciudad de México publicó la convocatoria para los interesados en iniciar estudios de educación media superior en alguno de los 25 planteles del Instituto de Educación Media Superior de la Ciudad de México (IEMS).
La convocatoria se dirige a todas las personas que realicen el registro de aspirantes, mientras se encuentre estudiando el tercer grado de educación secundaria en algún plantel de la Ciudad de México o en los municipios de la zona metropolitana colindantes con la Ciudad de México. 
Inicio del registro
De acuerdo con la publicación, el inicio del registro para aspirantes será el 27 de julio y podrán realizarlo durante las 24 horas del día.
Asimismo aquellas personas que se registren como aspirantes y tengan el Certificado de Secundaria; Constancia Oficial de Certificado de Secundaria en trámite o Constancia de Terminación de Estudios de Secundaria. En caso de estudios realizados en el extranjero, la Resolución de Revalidación de Estudios correspondiente al nivel de Secundaria emitida por la Secretaría de Educación Pública (SEP).
Igualmente aspirantes registrados, que acrediten la educación secundaria en el Instituto Nacional para la Educación de los Adultos (INEA).
Ubicación de planteles
A continuación te damos el el listado de planteles ubicados en la Ciudad de México, para que elijas el que mejor te convenga.
 


También te puede interesar:
Convocatoria IEMS 2020 CDMX: Registro inicia el 27 de julio
Calendario y fechas importantes de la convocatoria IEMS 2020 CDMX
UNAM podría posponer regreso a clases, no habrá regreso presencial
",Convocatoria IEMS 2020 CDMX: Planteles en los que puedes estudiar
"
AC/DC está de manteles largos, hoy cumple 40 años el disco más vendido en su carrera musical, fue un 25 de julio de 1980 cuando la banda lanzó ""Black In Black"" su primer disco sin el vocalista de la banda, Bon Scott, dicho disco fue un homenaje a su fallecimiento, en la portada aparece el logo de AC/DC con un fondo negro.
Dicho disco ha tenido temas importantes como el propio ""Back In Black"", canción que se convirtió en el hit mundial después de ""Highway to Hell"", en la discografía también resaltan temas como: ""Hells Bells"", ""Shoot to Thrill"", ""You Shook Me All Night Long"", entre otros.
Semanas atrás el canal oficial de AC/DC ha estado recordando a más de 6 millones de sus suscriptores, diferentes efemérides de sus videos, han hecho algunos directos recordando los éxitos más sonados en su carrera, al igual que diferentes videos antiguos. A pesar de la pandemia mundial que se vive de Covid-19, la agrupación decidió hacer un especial de los 40 años, titulado AC/DC Back in Black 40th Anniversary Virtual Celebration.

 



 


 

 



 




View this post on Instagram


 



 

 

 



 

 



 

 

 



*UPDATE* - The HD videos will be delivered soon. We will repost to let you know! 40 years ago OTD, AC/DC released ""Back in Black."" Head to the official @youtube channel to watch the official videos for ""Back in Black"" in HD! You've never seen them like this before! [LINK IN BIO]#backinblack40

A post shared by  AC/DC (@acdc) on Jul 25, 2020 at 6:02am PDT



Este evento fue realizado por el guitarrista Jared James Nichols y transmitido por el canal Consequence of Sound, en donde hubo actuaciones especiales de rockeros reconocidos como lo son Dee Snider, Slash, Sebastian Bach, entre otros; también participaron algunos integrantes de bandas famosas como Anthrax, Refused, Lamb of God, GWAR y Cage the Elephant.
Para el festejo, AC/DC sorteó una guitarra Custom SG Red Devil patrocinada por la famosa marca de guitarras Gibson y firmada por el creador de la marca, Ken Schaffer, de igual forma agregaron un amplificador JTM45 el cual fue diseñado para crear las partituras y el circuito de la canción ""Back In Black"".
A través de su Instagram oficial, la banda de hard rock estuvo muy activa e hizo varios post de su aniversario, también compartieron en sus stories a varios de sus fans interpretando dicha canción, algunos salían con varios recuerdos como discos autografiados , playeras, gorras y vestuarios especiales para la ocasión.





 

¿Qué sigue para AC/DC? 

""Back en Black"" es el segundo disco más vendido de la historia con casi 30 millones de copias y solo por detrás de ""Thriller"" de Michael Jackson.
""Back in Black"" se lanzó originalmente el 25 de julio de 1980, apenas cinco meses después de la muerte del cantante Bon Scott. Este regreso en negro, ya con Brian Johnson como vocalista, sigue siendo el mayor éxito del grupo y contiene otras canciones emblemáticas como 'Hells bells' o la propia 'Back in Black'.
Los fans siguen esperando la publicación del cacareado nuevo disco de AC/DC, compuesto en forma de homenaje con riffs de guitarra de Malcolm Young, fallecido en 2017 a los 64 años. Ya van dos temporadas con rumores, pero nada se ha concretado oficialmente hasta ahora.

rad 
","AC/DC festeja 40 años de ""Back In Black"" con regalos para sus fans"
"
Elías Cervantes, de Magneto, sufrió un accidente mientras caminaba en el sendero de una montaña de la Huasteca en Nuevo León.
A través de su cuneta de Instagram, detalló que mientras hacía un recorrido le cayó una piedra en la cabeza, por lo que tuvo que recibir atención medica y seis puntadas. 
“Tengo seis puntadas, ahora me encuentro ya muy bien, estoy en casa con la familia recuperándome, muchas gracias por sus muestras de cariño, por todas sus palabras, el mensaje que esto me deja es que cualquier deporte que hagan tomen medidas para evitar accidentes”, detalló sonriente.
 



 


 

 



 




View this post on Instagram


 



 

 

 



 

 



 

 

 




 

 


A post shared by EliasMagneto (@eliascervantesgram) on Jul 24, 2020 at 2:12pm PDT



Previo a este mensaje, en sus historias de Instagram, Elías detalló que pese al percance seguía en pie su participación en el concierto que Magneto ofrecerá este 1 de agosto vía streaming. 
En una fotografía que posteó, confesó que extrañará por unos días esas caminatas en la que disfrutaba del amancer. 



 


 

 



 




View this post on Instagram


 



 

 

 



 

 



 

 

 



Tendremos un Concierto totalmente en VIVO el próximo 1 de Agosto a través de la plataforma www.econcerts.tv ! . . Boletos a la venta inicia el día Viernes 29 de Mayo a las 4pm a través de Superboletos www.superboletos.com #ECONCERTS #STREAMING #QUEDATEENCASA

A post shared by  MagnetoOficial (@magnetooficial) on May 28, 2020 at 10:18am PDT




rad 
","Le cae piedra en la cabeza a Elías Cervantes, de Magneto; recibe seis puntadas"
"
El huracán Hanna tocó tierra el sábado en el sur de Texas como ciclón categoría 1 con vientos de hasta 145 km por hora, informó el Centro Nacional de Huracanes de Estados Unidos
El primer huracán de la temporada 2020 en el Atlántico irrumpió en Padre Island hacia las 19:00 GMT.
Meteorólogos alertaron sobre fuertes aguaceros, tormentas e inundaciones potencialmente peligrosas para la población.
El ciclón, de categoría 1 en la escala Saffir-Simpson, de un total de 5, ha provocado en las últimas horas fuertes lluvias y vientos en el noreste de México y en el sur de Texas, donde se prevén graves inundaciones.
En Texas además se han presentado apagones en varias áreas.
El huracán tocó tierra en Padre Island, una barrera de islas entre las ciudades de Corpus Cristi y Brownsville, esta última vecina de Matamoros (México).
Hanna se encuentra a unas 15 millas (24 kilómetros) al norte de Port Mansfield y a unas 70 millas (112 kilómetros) al sur de Corpus Christi, en Texas.
El sistema se desplaza a suroeste a 8 millas por hora (13 kilómetros), detalló el último boletín del NHC.
Lee más: ""Gonzalo"" puede ser el primer huracán de la temporada en la cuenca atlántica
La agencia federal emitió un aviso de huracán entre Mesquite y Port Mansfield, y de marejada ciclónica, de hasta 5 pies (1.5 metros), entre ese puerto y Sargent, en el estado sureño de Texas.
De igual forma, hay un aviso de tormenta tropical entre Barra el Mezquital (México) y Port Mansfield, y entre Mesquite Bay y High Island.
Hanna amenaza con vientos, fuertes lluvias con acumulaciones de hasta 12 pulgadas (unos 30 centímetros) y las consecuentes inundaciones en Texas, y también en los estados mexicanos de Coahuila, Nuevo León y Tamaulipas.
De igual forma se prevé en la costa de Texas corrientes de resacas y posibles tornados, según el NHC, con sede en Miami.
 

Hurricane #Hanna is moving onshore. Heavy rainfall, flash flooding, beach flooding, and dangerous rip currents at the local beaches, as well as very strong winds with damage to buildings, trees, and power outages, will continue to be the main threats. #RGVwx #txwx #SPI pic.twitter.com/KFoydfulZf
 — NWS Brownsville (@NWSBrownsville) July 25, 2020

Mientras tanto, la tormenta tropical Gonzalo se disipó en el Caribe y ya no presenta amenazas para la región.
Este año ya se formaron las tormentas tropicales Arthur y Bertha antes del inicio oficial de la temporada ciclónica, que comienza el 1 de junio y se prolonga hasta el 30 de noviembre, a las que le siguieron Cristóbal, Dolly, Edouard, Fay, Gonzalo y Hanna, esta última el primer huracán de este año en el Atlántico.
La actual temporada ciclónica tendrá de 13 a 19 tormentas con nombre (con vientos de 65 kilómetros por hora), de las cuales de seis a diez podrían convertirse en huracanes (con vientos de 119 kilómetros por hora).
De esos huracanes, de tres a seis podrían llegar a ser mayores, es decir con vientos máximos sostenidos de 178 km/h o más, según la Administración Nacional Oceánica y Atmosférica (NOAA, en inglés).
slm
 
",Huracán “Hanna” toca tierra en Texas
"

El pasado 3 de junio, el estadounidense Emmanuel Cafferty, de 47 años, volvía a su casa después de una jornada más de trabajo.

Su rutina consistía en pasar entre 8 y 12 horas al día inspeccionando las redes subterráneas de gas y electricidad de la ciudad de San Diego, California.

Caía la tarde y hacía calor.

Al volante de la camioneta de la empresa, mantenía la ventanilla abierta y el brazo izquierdo en el exterior.

Según Cafferty, juntaba dos dedos de la mano distraídamente, en un gesto que repitió varias veces durante la entrevista con BBC News Brasil.

""En ese momento, un desconocido con un celular y una cuenta de Twitter puso mi vida del revés"", cuenta Cafferty.

¿Qué significa ser ""TERF"" y por qué se considera un insulto contra feministas radicales? 

Una fotografía dañina

Hacía apenas una semana que George Floyd, un hombre negro desarmado, moría después de que un policía blanco le retuviera en el suelo durante varios minutos presionándole el cuello con la rodilla en Mineápolis.

Las imágenes de la muerte de Floyd desencadenaron lo que se considera la mayor ola de protestas contra el racismo en Estados Unidos en la historia reciente.

En ese contexto, el chasquido de dedos de Cafferty fue interpretado por otro conductor como un gesto específico: un símbolo usado por supremacistas blancos.

""Ese hombre comenzó a tocar la bocina y a insultarme. Gritaba: '¿va a seguir haciendo eso?' y sacó el celular para fotografiarme. Pensé que tal vez le había cerrado el paso en el tráfico, por accidente. Pero estábamos los dos parados en el semáforo y yo no entendía nada"", relata.

Dos horas después del incidente, su supervisor le llamó para decirle que había sido denunciado como racista en las redes sociales y que le suspendía del trabajo sin sueldo.

Una hora más tarde, sus colegas llegaron a su casa para llevarse la camioneta y la computadora de la empresa. Cinco días después fue despedido.

Captura de Twiiter
 
Imagen de Cafferty y su supuesto gesto en el vehículo de la empresa que fue compartida por un usuario en Twitter.

""Así fue como perdí el mejor empleo de mi vida"", dice Cafferty. Sin estudios superiores, hijo de inmigrantes mexicanos, vivía su versión del sueño americano.

Ganaba 41 dólares la hora, el doble que en su empleo anterior, y tenía cobertura de salud y de jubilación por primera vez en su vida.

Cuando consiguió la plaza, seis meses atrás, él, sus tres hijas y sus nietos salieron a comer para celebrarlo.

¿Ok o supremacía blanca?

Cafferty explica que no tenía ni idea de que el gesto que se le atribuye, comúnmente asociado con un ""OK"" en Estados Unidos, pudiese tener connotaciones racistas.

De acuerdo a la Liga contra la Difamación, una organización centenaria que combate los discursos de odio en Estados Unidos, el símbolo del ""OK"" fue adoptado en 2017 por usuarios racistas en foros de internet como 4chan. La propia organización recomienda tener cuidado con la interpretación de la señal.

""La abrumadora mayoría de las veces el gesto significa consentimiento o aprobación. Por eso no se puede presumir que alguien que lo haga lo esté usando en un contexto de racismo, a menos que exista otra prueba para apoyar esa percepción. Desde 2017, muchas personas fueron acusadas erróneamente de ser racistas o supremacistas por usar el gesto en el sentido tradicional e inocuo"", alerta la organización.

Twitter/Ruth Richardson
 
George Floyd dijo en repetidas ocasiones que no podía respirar.

Eso es exactamente lo que le pasó a Cafferty. O peor.

""En mi caso, no era un símbolo. Solo estaba chasqueando los dedos. Pero un hombre blanco lo interpretó como un gesto parecido al 'OK', que sería racista, y se lo dijo a mis jefes, también blancos, que decidieron creerle a él, no a mí, que no soy blanco"", afirma exasperado, al tiempo que se frota los brazos para mostrar el color de su piel.

El autor de la fotografía y del primer post contra Cafferty admitió ante el equipo local de la cadena estadounidense NBC que quizá exageró en la interpretación que hizo del supuesto gesto y que, a pesar de haber etiquetado en su publicación a la empresa en la que Cafferty trabajaba, no quería que fuera despedido.

El usuario borró el mensaje original e incluso la cuenta de Twitter. Pero ya era tarde, el post se había viralizado y el empleo estaba perdido.

BBC News Brasil no logró localizar al autor del post original.

""Una multitud de Twitter me canceló. Ya llamé a todos mis exempleadores en las seis semanas desde que aconteció el episodio y nadie me llama de vuelta. Lo primero que hace un empleador a la hora de contratar es poner el nombre en Google. El mío quedó ligado a este episodio, sin importar si era cierto o no. No sé cómo voy a seguir con mi vida de aquí para adelante"", se desahoga.

Ha tenido que acudir a terapia semanal para lidiar con el dolor y el miedo que ha sentido.

Multitud online, efectos offline

El caso de Cafferty es emblemático de lo que se considera un peligroso efecto colateral de la llamada cultura de la cancelación.

El movimiento comenzó hace algunos años como una forma de llamar la atención sobre causas de justicia social y preservación medioambiental, como una manera de amplificar la voz de los grupos oprimidos y forzar acciones políticas de marcas o figuras públicas.

Funciona así: un usuario de redes sociales como Twitter o Facebook, presencia un acto que considera equivocado, lo graba en video o lo fotografía y lo publica en su cuenta, con el cuidado de etiquetar a la empresa empleadora del denunciado y autoridades públicas u otros influencers digitales que puedan amplificar el alcance del mensaje. Es común que, en cuestión de horas, el post haya sido replicado miles de veces.

La cascada de menciones a una empresa suele precipitar actitudes sumarias para frenar el desgaste de imagen, sin que la persona a la que se denuncia pueda defenderse adecuadamente.

""En mi caso, me escucharon una vez y luego ya me despidieron. Parece que concluyeron que era un racista"", señala Cafferty.

BBC News Brasil intentó hablar con la empresa SDG&E, donde trabajaba Cafferty, pero no obtuvo respuesta hasta la publicación de este reportaje.

Como reacción a las primeras denuncias de usuarios contra Cafferty en Twitter, la empresa afirmó: ""Creemos firmemente que no hay espacio en la sociedad para ningún tipo de discriminación"" y añadió que inició una investigación sobre la conducta del entonces todavía empleado.

La cancelación va más allá del típico troleo de internet, con insultos coordinados, frecuente en disputas de opinión entre usuarios de redes.

Es un ataque a la reputación que amenaza el empleo y los medios de subsistencia actuales y futuros de la persona cancelada.

Extremadamente frecuente en Estados Unidos, hoy desprestigia también a personas anónimas, gente común como Cafferty.

""Usted puede ser cancelado por algo que diga en medio de una multitud de completos extraños si alguno de ellos lo graba en video, o por un chiste que suene mal en las redes sociales, o por algo que usted dijera o hiciera hace mucho tiempo y de lo que quede algún registro en internet"", escribió el columnista del diario The New York Times Ross Douthat en un artículo sobre el fenómeno de la cancelación.

""Y no hace falta que sea prominente, famoso o político para ser públicamente avergonzado y permanentemente marcado: todo lo que usted necesita hacer es tener un día particularmente malo y las consecuencias pueden durar mientras Google exista""

¿Injusticias en el movimiento por la justicia social?

El alcance de la cultura de la cancelación en Estados Unidos ha despertado dudas ante la posibilidad de que se cometan injusticias.

El de Cafferty no es un caso único.

A finales de mayo, un investigador contratado por una consultora política progresista compartió en Twitter el resultado de un estudio que indicaba que, en los años 60, las protestas raciales violentas aumentaron el porcentaje de votos para candidatos republicanos, en cuanto que los actos pacíficos favorecieron a los políticos demócratas en las urnas.

Activistas consideraron que su comentario era una reprimenda a los actos de protesta por la muerte de George Floyd y pasaron a exigir su dimisión. El investigador fue despedido días más tarde.

El mes pasado, una profesora de teatro en Nueva York fue acusada de haberse adormecido durante una reunión online en la que se hablaba de acciones a favor de la justicia racial en el curso.

Una petición firmada por casi 2.000 personas pidió su dimisión, acusándola de racista. La profesora lo niega y alega que estaba descansando la vista mirando para abajo momentáneamente cuando se hizo la foto.

Cruce de cartas

Ante lo que calificaron como ""atmósfera sofocante"", un grupo de 150 periodistas, intelectuales, académicos y artistas, considerados progresistas, decidieron publicar en Harper's Magazine un texto titulado ""Una carta sobre la justicia y el debate abierto"".

Firmada por nombres de peso como el lingüista Noam Chomsky, los escritores JK Rowling y Andrew Solomon, la activista feminista Gloria Steinem, la economista trans Deirdre McCloskey, y el analista político Yascha Mounk, la carta afirma que ""el libre intercambio de informaciones e ideas, fuerza vital de una sociedad liberal, se vuelve cada día más restringido"".

Y continúa: ""Si bien esperábamos esto de la derecha radical, la censura también se está esparciendo ampliamente en nuestra cultura: una intolerancia a las visiones opuestas, una moda del señalamiento público y el ostracismo, y la tendencia a disolver cuestiones políticas complejas en una certeza moral cegadora"".

Reuters
 
Acusada de transfobia, JK Rowling firmó una carta contra la cultura de la cancelación.

En la misma línea, una de las editoras de opinión de The New York Times, Bari Weiss, renunció esta semana por medio de una carta abierta en la que acusa a la publicación de promover un ""nuevo macartismo"", en referencia a la patrulla ideológica anticomunista de los años 50 en Estados Unidos.

""Artículos que eran fácilmente publicados hace apenas dos años, ahora colocan a un editor o autor en problemas. Eso si no hace que sea despedido. Si un texto se percibe como probable fuente de reacción interna o en las redes sociales, el editor ni siquiera lo publica"", escribió Weiss, contratada por The New York Times poco después de la elección de Trump en 2016, en un esfuerzo por amplificar la diversidad de voces en el diario.

En un artículo para la publicación The Atlantic, en la que cita el caso de Cafferty, el analista político Yascha Mounk explica por qué firmó el manifiesto.

Mounk aplaude lo que llama ""la nueva determinación estadounidense"" para desenraizar preconceptos de la sociedad.

""No obstante, sería un enorme error, especialmente para quienes se preocupan por la justicia social, considerar lo que sucedió con Cafferty como un detalle menor o el precio a pagar por el progreso"", escribió Mounk.

La respuesta a la carta dentro del movimiento progresista no tardó en llegar.

Un grupo de periodistas, artistas e intelectuales acusó a los autores de la primera carta de, desde lo alto de su éxito profesional y cómoda posición en el mercado, ignorar las dificultades de las minorías -como la comunidad negra o la comunidad LGBTIQ- en el debate público, en el mundo académico, en las artes, en el periodismo, en el mercado editorial.

""Los firmantes, muchos de ellos blancos, ricos y dotados de grandes plataformas, argumentan que tienen miedo de ser silenciados, que la llamada cultura de la cancelación está fuera de control y que temen por sus empleos y por el libre intercambio de ideas, al mismo tiempo que se expresan en una de las revistas de mayor prestigio del país"", señalan los firmantes del nuevo documento, titulado ""Una carta más específica sobre la justicia y el debate abierto"".

Algunos de los que suscribieron el texto prefirieron permanecer anónimos, citando apenas la institución en la que trabajan, por miedo a las represalias.

Los autores citan por su nombre a algunos de sus antagonistas: mencionan que la escritora JK Rowling estuvo involucrada recientemente en un debate sobre la palabra ""mujer"".

Getty Images
 
Las activistas transgénero defienden su derecho a autodefinirse como mujeres.

Al comentar un texto que hablaba de ""personas menstruantes"", Rowling afirmó: ""Si el sexo biológico no es real, la realidad que viven globalmente las mujeres queda borrada. Yo conozco y amo a personas trans, pero borrar el concepto de sexo biológico elimina la capacidad de muchas personas de analizar el significado de sus vidas. Decir la verdad no es discurso de odio"".

La confesión de JK Rowling de haber sufrido agresión sexual y la controversia por sus tuits sobre las personas trans

Su afirmación fue tachada de transfóbica y fue duramente criticada.

La discusión política en torno a la cuestión será larga y beligerante.

Ajeno a ella, Cafferty intenta recuperar su empleo. Demandó a la empresa en la que trabajaba y al hombre que lo fotografió, pero no espera que haya un veredicto antes de un año.

Cafferty dice simpatizar con los movimientos por la justicia racial, pero indica que nunca realizó activismo político en su vida.

""Ni cuenta de Twitter tenía antes de ser cancelado"", subraya.

Ahora puedes recibir notificaciones de BBC Mundo. Descarga la nueva versión de nuestra app y actívalas para no perderte nuestro mejor contenido.
","""Perdí el mejor empleo de mi vida por una foto en redes sociales"""
"
Texto: Aída Castro Sánchez
“Yo guardaba mi dinero para ir a comprar mi chocolate y mis colchones de la Conasupo. Tendría nueve o diez años de edad cuando en las calles de la colonia Vallejo se paraba un tráiler azul, sacaba sus escaleras y subíamos, era como un súper pequeño, recuerda la señora María Margarita González González.
En los años 60, la Conasupo empezó a utilizar trailers como tiendas móviles. Archivo de EL UNIVERSAL. 
Hace más de medio siglo, por lo menos una vez a la semana niñas y niños de esta ciudad subían a un tráiler que hacía de tienda móvil de la Conasupo, solos o acompañados de su mamá, compraban sopa o uno de esos panes sabor naranja conocidos como “colchones”, al igual que Margarita se llevaban un litro de leche sabor chocolate que venía en un cartón en forma de triángulo, como ella recuerda.
En julio de 1961 la Compañía Nacional de Subsistencias Populares (Conasupo) puso en operación 6 tiendas móviles que instaló en humildes colonias de la capital, además de alimentos vendía ropa, calzado y cobijas a precios muy baratos, informan las notas publicadas en este diario.
Estos establecimientos variaban en tamaño y productos, varias tenían techos de lámina y por dentro eran de color blanco con vivos rojos. Estas tiendas vendían básicos como atún, pan, galletas, sopas, arroz, frijol. Fue en los años 80 cuando en la capital existieron los llamados Centros Comerciales Conasupo, conocidos como “Conasúper” donde se podía comprar además de alimentos, ropa, uniformes y útiles escolares o cobijas a precios bajos.
Así surgieron dos cadenas, las de tiendas Conasupo y las de expendios de leche que dependían de la misma paraestatal. A veces estos locales estaban juntos y en otras ocasiones de forma separada. Los de leche por lo regular eran pequeños, donde la gente acudía desde muy temprano a comprar con su tarjeta y su bote. Era común que dentro de ellos vendieran también pan de dulce, entre ellos los llamados “colchones” y donas.  En otros se vendían afuera de estos sitios.

En las unidades comerciales además de productos de la canasta básica, también se podían encontrar útiles escolares, ropa y cobijas. Archivo de EL UNIVERSAL. 


La historia de la Compañía
El 6 de marzo de 1961 se anunció que la Conasupo arrancaba con un capital de mil millones de pesos para “operar en beneficio de las mayorías de escasos recursos”, declaró Roberto Amoros, gerente de la CEIMSA, de acuerdo con la información publicada.
La paraestatal surgió en nuestro país en los años 60, durante la política conocida como de “desarrollo estabilizador” (1940-1970), que entre otras cosas pretendía cambiar el desequilibrio social mediante la intensificación de programas y la protección de grupos populares, aunque el objetivo era el crecimiento económico,  señaló el politólogo Fernández Santillán en el libro Política y Administración Pública en México.
“La Conasupo se creó para defender a la gente pobre, mantener los precios de garantía a los campesinos y conservar los de equidad en el mercado nacional”, decía el anuncio oficial en 1961, durante el gobierno del presidente Adolfo López Mateos.
Estas tiendas ayudaron a los bolsillos de amas de casa, ya sea por los precios bajos que encontraban o porque abrían más temprano que los mercados públicos y otros centros comerciales de autoservicio.Archivo de EL UNIVERSAL. 
De acuerdo con información del Grupo Consultor de Mercados Agrícolas, los precios de garantía consistían en un programa del Gobierno Federal que definía precios fijos de compra por producto para aquellos productores que cumplían con ciertas características. Los centros de acopio designados por la autoridad recibían y pagaban el precio de garantía al productor.
La Compañía Exportadora e Importadora Mexicana, S. A. (CEIMSA) fue la antecesora de la Conasupo. Ésta regulaba el mercado de subsistencias para impedir el acaparamiento de productos que provocara una ficticia alza, además de vender a precios bajos varios alimentos de la canasta básica, de acuerdo con las notas publicadas.
El 1 de abril de 1965, durante el gobierno de Gustavo Díaz Ordaz se decretó que la compañía dejara de ser empresa mercantil del Estado y se designó como un organismo descentralizado del gobierno federal.

Las lecherías Conasupo
En 1961 se constituyó la Compañía Rehidratadora de Leche CEIMSA, S. A, en 1972 se modificó para quedar como Leche Industrializada Conasupo, S. A. de C. V., mejor conocida como Liconsa que aún podemos ver.
Liconsa, derivada de una rama de Conasupo, surgió para proveer a familias con ingreso menor a dos salarios mínimos leche a bajo costo, asegurando cierto consumo que mejorara el nivel nutricional de los niños, más tarde incluyó mujeres embarazadas y en lactancia, así como personas de la tercera edad, de acuerdo con el texto: “Políticas y programas de alimentación y nutrición en México” de Simón Barquera, entre otros investigadores.  
Margarita González, vecina de la colonia del Parque, acudió por varias décadas a estos lugares a comprar leche.“Usted pagaba en la tienda, le daban unas monedas que introducía en las maquinitas de la leche y podía comprar un litro o dos. La cantidad la asignaba la trabajadora social, según los hijos que tuviera. De uno a dos hijos daban leche dos veces a la semana. Si tenía más de tres hijos era diario”, recuerda la señora González.
Fue toda una tradición que la gente acudiera desde temprano a comprar leche que despachaban a través de una máquina que recibía fichas o se vendían en bolsas. Archivo de EL UNIVERSAL. 
En entrevista, la señora María Teresa Hernández Mendoza dice que es ama de casa y comenta que en 1973 cuando vivía en la colonia Magdalena Mixiuhca trabajó en una tienda cerca de su domicilio, en la calle Sóstenes Rocha, donde checaba las tarjetas de la leche.
“Como era integrante del comité de la tienda no recibía un sueldo pero si tenía un horario, entraba antes de las 05:30 de la mañana cuando la gente ya estaba formada con sus botes de plástico. Yo supervisaba que las tarjetas correspondieran a su horario indicado para que pasaran a recibir su leche, la cual se entregaba cada 15 minutos, hasta las 07:30 de la mañana”, explicó.
En la imagen una de las fichas de los años 70 que se depositaban en las máquinas de leche en tiendas Conasupo. Foto cortesía de la señora María Teresa Hernández.
Las máquinas despachadoras de leche recibían monedas y eran supervisadas por otra persona, dice la señora Teresa. Recuerda que ahí vendían productos como el pan rol, gelatinas, arroz, maicena, jabón, aceite, papel de baño, que no eran muy baratos, pero era más práctico comprarlos ahí que ir hasta el mercado.
 En una imagen de los años 70 se ve el incendio en las oficinas de la Secretaría de Turismo, ubicada en la avenida Juárez, entre Iturbide y Humboldt, que también afectó las instalaciones de la Conasupo y de la Secretaría de Gobernación el 24 de julio de 1977.
 

Compara el antes y después deslizando la barra central
(desliza aquí para ver más grande)
 

Conasupo en avenida Juárez, 1977. Diseño web: Miguel Ángel Garnica. 
Este diario también consultó en Facebook a algunos usuarios de la página “Vecinos Jardín Balbuena” para saber si aún recordaban la existencia de estas tiendas.
Fermín Alejandre Dávila relató que en 1988 tenía 12 años y que diario antes de entrar a la primaria su mamá lo mandaba a la leche. “Era pecado si no llevabas la tarjeta y pesadilla cuando se descomponían las máquinas despachadoras, pagabas $320.00 de esos pesos por cuatro litros”.
En la página de “Vecinos de la Colonia Obrera Oficial” la mayoría recuerda que tanto la leche como pan eran baratos. Fausto Crispin García Cabazos afirma que él y su mamá se iban a Salto del Agua a las 04:30 de la mañana y abordaban el Trolebús que circulaba sobre rieles de acero en la calle de Bolívar.
“Esa leche de maquinita era muy rica y el pan no se diga, todo esto fue en la década de los años 80 y 90, recuerdo las filas para llenar botes y que tenían que forzosamente pasar cuatro personas a la vez y presionar el botón al mismo tiempo para que el equipo no se descompusiera o tuviera fallas”, describe.

Polémica por leche contaminada
En 1988 la paraestatal se vio envuelta en un escándalo que llegó a la Cámara de Diputados cuando se dijo que comercializó leche de dudosa procedencia. El 30 de noviembre de 1995 se anunció que la Comisión Conasupo investigaría la importación de leche en polvo contaminada con radiactividad emanada luego del accidente en la central nuclear en Chernobyl en 1986.
Esta comisión también investigó el robo del lácteo en polvo propiedad de la paraestatal ocurrido entre 1989 y 1990. Las conclusiones de esta comisión fueron que la Conasupo importó de Irlanda leche contaminada con cesio radiactivo en 1986 y 1987.
En los años 80 la paraestatal ofrecía bonos de descuento a las empresas, sindicatos o agrupaciones, cuyos beneficios eran la bonificación en el pago de impuestos en su importe total, que se podían canjear en todas las unidades comerciales del sistema, según el monto de la compra era el descuento, de acuerdo con un anuncio publicado en este diario el 16 de enero de 1987.
Lea también: 32 años de la peor tragedia nuclear del siglo XX

De acuerdo con versiones periodísticas la compra irregular de la leche sucedió durante los gobiernos de Miguel de la Madrid, Carlos Salinas de Gortari y Ernesto Zedillo. Entre los funcionarios señalados se menciona la responsabilidad por comisión u omisión de Raúl Salinas de Gortari, a quien se le atribuyó ser el poder detrás de la Conasupo.

Las tiendas
En la década de los años 80 Conasupo contaba con 11 mil tiendas urbanas y rurales en toda la República y daba crédito y descuentos a envasadores y distribuidores de frijol, de acuerdo con datos de la misma paraestatal en un anuncio publicado en este diario el 30 de abril de 1983.
En un anuncio de los años 80 se menciona que como “parte del apoyo a los sectores de menores ingresos, en compras de más de 10 toneladas de frijol se les daba un 20% de descuento y hasta crédito con plazos de 45 hasta 90 días”. Hemeroteca de EL UNIVERSAL. 
Margarita González es bibliotecaria y trabaja en el Centro Cultural de la alcaldía Venustiano Carranza. Hace unas décadas vivió con su marido y sus hijos en la colonia Ex Hipódromo de Peralvillo, donde nos dice acudía a una de estas tiendas de autoservicio de la paraestatal.
“Como a finales de los años 70 o a principios de los 80 hubo escasez de azúcar, nos teníamos que formar para sacar uno o dos kilos, era nuestro súper y todo era mucho más económico, compraba todo: frijol, sopa, latas de atún, azúcar, servilletas, pan, etc, era más barato que ir al mercado, porque yo comparaba los precios con el mercado de San Joaquín”.
La compañía contaba con 11 mil tiendas urbanas y rurales, de acuerdo con las notas publicadas en los años 80. Archivo de EL UNIVERSAL. 
A mediados de los años 80 corrió el rumor de que la empresa del Estado desparecería, por lo que el 9 de junio de 1986, Fortino Figueroa Montes delegado de la compañía declaró: “Conasupo es más que una cadena de tiendas, regula los precios de los artículos básicos y los mantiene siempre por abajo de los que ofrece el comercio privado”.Los Centros Comerciales Conasupo promocionaban ofertas en útiles escolares pero que sólo aplicaban en sucursales de la capital, señalaba otro de los anuncios publicados en EL UNIVERSAL.

En el gobierno del presidente Carlos Salinas de Gortari (1988-1994) inició lo que él llamó la “modernización estructural”, que en realidad fue el desmantelamiento de la Conasupo al desincorporar las empresas filiales Maíz Industrializado Conasupo (Miconsa), Industrias Conasupo (Iconsa) e Impulsora del Pequeño Comercio (Impecsa).

La desaparición de Conasupo
En 1995 la empresa del Estado era coordinada por la Secretaría de  Agricultura. Después de la liquidación de Bodegas Rurales Conasupo en 1998, al año siguiente se decretó la extinción del organismo, misma que se publicó en el DOF el 24 de mayo de 1999. 
El gobierno federal pretendió aumentar el consumo de alimentos de los estratos más pobres del país con subsidios generalizados como en el precio de la tortilla creando los Tortivales (1990) y Tortibonos (1985-1989).
En este anuncio se publicaron los precios del pollo entero, los horarios y direcciones de las tiendas fijas y móviles, que fue publicado en este diario el 25 de enero de 1982.
Estos programas entregaban un kilogramo de tortilla sin costo a las familias de menores ingresos de zonas urbanas, que percibían un ingreso igual o menor a dos salarios mínimos. El beneficio nutricional fue que sólo aumentó el consumo de maíz en las poblaciones urbanas, de acuerdo con el artículo “Políticas y programas de alimentación y nutrición en México”.
El texto señala que desde el punto de vista nutricional, la distribución selectiva de la leche a familias de escasos recursos contribuyó a aumentar el consumo de proteínas en las familias beneficiadas. Sin embargo, se llegó a estimar que el 40% de las que recibían este insumo tenían ingresos mayores a lo estipulado.
Durante la administración de Ernesto Zedillo (1994-2000) la paraestatal fue sustituida por ASERCA. De acuerdo con dicho decreto, los bienes muebles e inmuebles del organismo pasaron a manos de la Secretaría de Agricultura, a LICONSA y a DICONSA.
Por décadas, las amas de casa o sus familias madrugaban para recibir leche a un precio accesible a sus bolsillos y acorde con la cantidad de hijos que tuvieran. Archivo de EL UNIVERSAL. 
 “Las tiendas de la Conasupo era una muy buena opción, se iba por la leche y se podían comprar muchas cosas ahí. De un momento a otro las quitaron y nada más dejaron la leche”, lamenta la señora Margarita González.
Fuentes:

Archivo y Hemeroteca de EL UNIVERSAL

Entrevistas a Margarita González González, bibliotecaria y María Teresa Hernández Mendoza, ama de casa.

Política y Administración Pública en México (1934-1978). Capítulo IV: “El desarrollo estabilizador”, por José Florencio Fernández Santillán. Instituto Nacional de Administración Pública (1975)

 “Treinta años de investigaciones parlamentarias en México (1977-2007). “El parteaguas en el ejercicio de la investigación parlamentaria: el caso de la Compañía Nacional de Subsistencias Populares (Conasupo)”.  UNAM, 2013.

El viraje de la Política Agrícola y su Impacto en la Producción Nacional de Maíz a partir de 1988. Tesis de Laura Elodia Flores Fuentes. Facultad de Economía, UNAM 2002.

“Políticas y programas de alimentación y nutrición en México”, realizado por Simón Barquera, Juan Rivera-Dommarco y Alejandra Gasca-García, del Instituto Nacional de Salud Pública, 2001.
 ",La Conasupo era la tienda del pueblo
"
Los restos mortuorios de 17 migrantes oaxaqueños que murieron por Covid-19 en Estados Unidos fueron entregados esta domingo a su familia por parte del  gobierno estatal, a través del Instituto Oaxaqueño de Atención al Migrante (IOAM).

Se trata de víctimas de la pandemia sólo del área Tri-Estatal de Nueva York y la repatriación de sus cenizas se logró gracias al esfuerzo que se realiza entre el Gobierno de México y los gobiernos de los estados que registraron el fallecimiento de migrantes en el país del norte. 

Según el IOAM, esta es la primera entrega de urnas y posteriormente habrá un segundo envío por parte de Nueva York; asimismo se realizará el mismo esfuerzo con California, donde hay el mismo número de mexicanos fallecidos.

La directora general del IOAM, Aida Ruiz García, señaló que por indicaciones del gobernador Alejandro Murat, el IOAM habilitó al inicio de esta contingencia, los medios necesarios para brindar una atención inmediata y oportuna a la comunidad migrante y familias oaxaqueñas.



Foto: IOAM

Indicó que a raíz de la pandemia ocasionada por el coronavirus, se ha trabajado con los 50 consulados mexicanos que hay en Estados Unidos, a fin de brindar el apoyo para la gestión y repatriación de restos mortuorios, respetando  las disposiciones sanitarias nacionales e internacionales.

“Esta es una indicación del gobernador Alejandro Murat, de darle todo el acompañamiento a las familias oaxaqueñas, para que sepan que no están solos y cuentan con el apoyo del Gobierno de Oaxaca”, afirmó.

Ruiz García expresó que se brinda asesoría legal y se cubre al 100% el costo de traslado de la Ciudad de México a Oaxaca. 

De estos 17 restos mortuorios, —16 hombres y una mujer respectivamente—, cuatro corresponden a la región de la Mixteca, cinco a Valles Centrales, tres a la Costa, dos a la Sierra Sur, dos al Istmo y uno a la Cuenca del Papaloapan.

La funcionaria explicó que gran parte de los restos de migrantes oaxaqueños fallecidos por Covid-19, han sido reclamados por familiares que radican en ese país. 

Según datos de la Secretaría de Relaciones Exteriores, al corte del 3 de julio, se tienen contabilizados un total de 138 oaxaqueños fallecidos por esta contingencia y mil 606 mexicanos en total, siendo Puebla el estado de mayor afectación con 500 y Guerrero con 173 decesos, respectivamente.

Al hacer entrega de los restos, la Directora General del IOAM recordó a quienes en muchas ocasiones parten de sus comunidades de origen en busca del sueño americano, y que “gracias a su apoyo, trabajo e inquebrantable vocación por servir, han logrado mejores condiciones de vida para sus familias, sin importar el miedo o peligro que esto representa”.
",Entregan restos de 17 oaxaqueños que murieron por Covid-19 en EU; van 138 en total
"
A la boxeadora estadounidense Seniesa Estrada (19-0, 8 K.O.) le tomó siete segundos noquear a Miranda Adkins (5-1, 5 K.O.), un tiempo histórico con el que defendió el título plata minimosca avalado por el CMB, una de las peleas estelares de la función organizada por Golden Boy Promotions.
La “Super Bad” Estrada superó todas las expectativas que previamente la favorecían. Apenas sonó la campana en el Fantasy Springs Casino de Indio, California,  y Adkins recibió una metralla de combinaciones, primero en el cuerpo y después en el rostro, para caer cerca del borde del cuadrilátero.
Adkins tardó en recuperarse, mientras que Estrada miraba con cierta preocupación a su rival.
PUEDES LEER: Polémicas declaraciones del ‘Canelo’ sobre su derrota ante Mayweather
“Quiero agradecerle y darle mis respeto a ella (Adkins), fue la que aceptó pelear conmigo, porque mi oponente (Jacky Calvo) estaba lesionada. Tratamos de conseguir otras campeonas mundiales, pero por la situación del Covid-19 no fue posible.
 

A seven-second KO for Seniesa Estrada. pic.twitter.com/hD0DqHVedo
 — DAZN USA (@DAZN_USA) July 25, 2020

“Miranda fue la única que aceptó la pelea, subirse ahí sabiendo que yo tenía más experiencia, un amateur  vs  profesional, pero una vez en el ring mis golpes salen, no puedo parar. Sabía que iba a ser un K.O. seguro, sólo que no  sabía cuánto iba a tardar”, dijo Seniesa a DAZN USA.
",El impresionante nocaut de Seniesa Estrada en siete segundos
